INSERT INTO elements(name, belongs_to_mod, base_value) VALUES('Aer', 'Thaumcraft', 1.0);
INSERT INTO elements(name, belongs_to_mod, base_value) VALUES('Alienis', 'Thaumcraft', 1.0);
INSERT INTO elements(name, belongs_to_mod, base_value) VALUES('Aqua', 'Thaumcraft', 1.0);
INSERT INTO elements(name, belongs_to_mod, base_value) VALUES('Arbor', 'Thaumcraft', 1.0);
INSERT INTO elements(name, belongs_to_mod, base_value) VALUES('Auram', 'Thaumcraft', 1.0);
INSERT INTO elements(name, belongs_to_mod, base_value) VALUES('Bestia', 'Thaumcraft', 1.0);
INSERT INTO elements(name, belongs_to_mod, base_value) VALUES('Cognitio', 'Thaumcraft', 1.0);
INSERT INTO elements(name, belongs_to_mod, base_value) VALUES('Corpus', 'Thaumcraft', 1.0);
INSERT INTO elements(name, belongs_to_mod, base_value) VALUES('Exanimis', 'Thaumcraft', 1.0);
INSERT INTO elements(name, belongs_to_mod, base_value) VALUES('Fabrico', 'Thaumcraft', 1.0);
INSERT INTO elements(name, belongs_to_mod, base_value) VALUES('Fames', 'Thaumcraft', 1.0);
INSERT INTO elements(name, belongs_to_mod, base_value) VALUES('Gelum', 'Thaumcraft', 1.0);
INSERT INTO elements(name, belongs_to_mod, base_value) VALUES('Herba', 'Thaumcraft', 1.0);
INSERT INTO elements(name, belongs_to_mod, base_value) VALUES('Humanus', 'Thaumcraft', 1.0);
INSERT INTO elements(name, belongs_to_mod, base_value) VALUES('Ignis', 'Thaumcraft', 1.0);
INSERT INTO elements(name, belongs_to_mod, base_value) VALUES('Instrumentum', 'Thaumcraft', 1.0);
INSERT INTO elements(name, belongs_to_mod, base_value) VALUES('Iter', 'Thaumcraft', 1.0);
INSERT INTO elements(name, belongs_to_mod, base_value) VALUES('Limus', 'Thaumcraft', 1.0);
INSERT INTO elements(name, belongs_to_mod, base_value) VALUES('Lucrum', 'Thaumcraft', 1.0);
INSERT INTO elements(name, belongs_to_mod, base_value) VALUES('Lux', 'Thaumcraft', 1.0);
INSERT INTO elements(name, belongs_to_mod, base_value) VALUES('Machina', 'Thaumcraft', 1.0);
INSERT INTO elements(name, belongs_to_mod, base_value) VALUES('Messis', 'Thaumcraft', 1.0);
INSERT INTO elements(name, belongs_to_mod, base_value) VALUES('Metallum', 'Thaumcraft', 1.0);
INSERT INTO elements(name, belongs_to_mod, base_value) VALUES('Meto', 'Thaumcraft', 1.0);
INSERT INTO elements(name, belongs_to_mod, base_value) VALUES('Mortuus', 'Thaumcraft', 1.0);
INSERT INTO elements(name, belongs_to_mod, base_value) VALUES('Motus', 'Thaumcraft', 1.0);
INSERT INTO elements(name, belongs_to_mod, base_value) VALUES('Ordo', 'Thaumcraft', 1.0);
INSERT INTO elements(name, belongs_to_mod, base_value) VALUES('Pannus', 'Thaumcraft', 1.0);
INSERT INTO elements(name, belongs_to_mod, base_value) VALUES('Perditio', 'Thaumcraft', 1.0);
INSERT INTO elements(name, belongs_to_mod, base_value) VALUES('Perfodio', 'Thaumcraft', 1.0);
INSERT INTO elements(name, belongs_to_mod, base_value) VALUES('Permutatio', 'Thaumcraft', 1.0);
INSERT INTO elements(name, belongs_to_mod, base_value) VALUES('Potentia', 'Thaumcraft', 1.0);
INSERT INTO elements(name, belongs_to_mod, base_value) VALUES('Praecantatio', 'Thaumcraft', 1.0);
INSERT INTO elements(name, belongs_to_mod, base_value) VALUES('Sano', 'Thaumcraft', 1.0);
INSERT INTO elements(name, belongs_to_mod, base_value) VALUES('Sensus', 'Thaumcraft', 1.0);
INSERT INTO elements(name, belongs_to_mod, base_value) VALUES('Spiritus', 'Thaumcraft', 1.0);
INSERT INTO elements(name, belongs_to_mod, base_value) VALUES('Telum', 'Thaumcraft', 1.0);
INSERT INTO elements(name, belongs_to_mod, base_value) VALUES('Tempestas', 'Thaumcraft', 1.0);
INSERT INTO elements(name, belongs_to_mod, base_value) VALUES('Tenebrae', 'Thaumcraft', 1.0);
INSERT INTO elements(name, belongs_to_mod, base_value) VALUES('Terra', 'Thaumcraft', 1.0);
INSERT INTO elements(name, belongs_to_mod, base_value) VALUES('Tutamen', 'Thaumcraft', 1.0);
INSERT INTO elements(name, belongs_to_mod, base_value) VALUES('Vacuos', 'Thaumcraft', 1.0);
INSERT INTO elements(name, belongs_to_mod, base_value) VALUES('Venenum', 'Thaumcraft', 1.0);
INSERT INTO elements(name, belongs_to_mod, base_value) VALUES('Victus', 'Thaumcraft', 1.0);
INSERT INTO elements(name, belongs_to_mod, base_value) VALUES('Vinculum', 'Thaumcraft', 1.0);
INSERT INTO elements(name, belongs_to_mod, base_value) VALUES('Vitium', 'Thaumcraft', 1.0);
INSERT INTO elements(name, belongs_to_mod, base_value) VALUES('Vitreus', 'Thaumcraft', 1.0);
INSERT INTO elements(name, belongs_to_mod, base_value) VALUES('Volatus', 'Thaumcraft', 1.0);


INSERT INTO elements(name, belongs_to_mod) VALUES('Tempus', 'Thaumic Bees');

INSERT INTO elements(name, belongs_to_mod) VALUES('Superbia', 'Forbidden Magic');
INSERT INTO elements(name, belongs_to_mod) VALUES('Luxuria', 'Forbidden Magic');
INSERT INTO elements(name, belongs_to_mod) VALUES('Ira', 'Forbidden Magic');
INSERT INTO elements(name, belongs_to_mod) VALUES('Infernus', 'Forbidden Magic');
INSERT INTO elements(name, belongs_to_mod) VALUES('Gula', 'Forbidden Magic');
INSERT INTO elements(name, belongs_to_mod) VALUES('Desidia', 'Forbidden Magic');
INSERT INTO elements(name, belongs_to_mod) VALUES('Invidia', 'Forbidden Magic');

INSERT INTO recipes(name, component_a, component_b) VALUES('Alienis', 'Vacuos', 'Tenebrae');
INSERT INTO recipes(name, component_a, component_b) VALUES('Arbor', 'Aer', 'Herba');
INSERT INTO recipes(name, component_a, component_b) VALUES('Auram', 'Praecantatio', 'Aer');
INSERT INTO recipes(name, component_a, component_b) VALUES('Bestia', 'Motus', 'Victus');
INSERT INTO recipes(name, component_a, component_b) VALUES('Cognitio', 'Ignis', 'Spiritus');
INSERT INTO recipes(name, component_a, component_b) VALUES('Corpus', 'Mortuus', 'Bestia');
INSERT INTO recipes(name, component_a, component_b) VALUES('Exanimis', 'Motus', 'Mortuus');
INSERT INTO recipes(name, component_a, component_b) VALUES('Fabrico', 'Humanus', 'Instrumentum');
INSERT INTO recipes(name, component_a, component_b) VALUES('Fames', 'Victus', 'Vacuos');
INSERT INTO recipes(name, component_a, component_b) VALUES('Gelum', 'Ignis', 'Perditio');
INSERT INTO recipes(name, component_a, component_b) VALUES('Herba', 'Victus', 'Terra');
INSERT INTO recipes(name, component_a, component_b) VALUES('Humanus', 'Bestia', 'Cognitio');
INSERT INTO recipes(name, component_a, component_b) VALUES('Instrumentum', 'Humanus', 'Ordo');
INSERT INTO recipes(name, component_a, component_b) VALUES('Iter', 'Motus', 'Terra');
INSERT INTO recipes(name, component_a, component_b) VALUES('Limus', 'Victus', 'Aqua');
INSERT INTO recipes(name, component_a, component_b) VALUES('Lucrum', 'Humanus', 'Fames');
INSERT INTO recipes(name, component_a, component_b) VALUES('Lux', 'Aer', 'Ignis');
INSERT INTO recipes(name, component_a, component_b) VALUES('Machina', 'Motus', 'Instrumentum');
INSERT INTO recipes(name, component_a, component_b) VALUES('Messis', 'Herba', 'Humanus');
INSERT INTO recipes(name, component_a, component_b) VALUES('Metallum', 'Terra', 'Vitreus');
INSERT INTO recipes(name, component_a, component_b) VALUES('Meto', 'Messis', 'Instrumentum');
INSERT INTO recipes(name, component_a, component_b) VALUES('Mortuus', 'Victus', 'Perditio');
INSERT INTO recipes(name, component_a, component_b) VALUES('Motus', 'Aer', 'Ordo');
INSERT INTO recipes(name, component_a, component_b) VALUES('Pannus', 'Instrumentum', 'Bestia');
INSERT INTO recipes(name, component_a, component_b) VALUES('Perfodio', 'Humanus', 'Terra');
INSERT INTO recipes(name, component_a, component_b) VALUES('Permutatio', 'Perditio', 'Ordo');
INSERT INTO recipes(name, component_a, component_b) VALUES('Potentia', 'Ordo', 'Ignis');
INSERT INTO recipes(name, component_a, component_b) VALUES('Praecantatio', 'Vacuos', 'Potentia');
INSERT INTO recipes(name, component_a, component_b) VALUES('Sano', 'Victus', 'Ordo');
INSERT INTO recipes(name, component_a, component_b) VALUES('Sensus', 'Aer', 'Spiritus');
INSERT INTO recipes(name, component_a, component_b) VALUES('Spiritus', 'Victus', 'Mortuus');
INSERT INTO recipes(name, component_a, component_b) VALUES('Telum', 'Instrumentum', 'Ignis');
INSERT INTO recipes(name, component_a, component_b) VALUES('Tempestas', 'Aer', 'Aqua');
INSERT INTO recipes(name, component_a, component_b) VALUES('Tenebrae', 'Vacuos', 'Lux');
INSERT INTO recipes(name, component_a, component_b) VALUES('Tutamen', 'Instrumentum', 'Terra');
INSERT INTO recipes(name, component_a, component_b) VALUES('Vacuos', 'Aer', 'Perditio');
INSERT INTO recipes(name, component_a, component_b) VALUES('Venenum', 'Aqua', 'Perditio');
INSERT INTO recipes(name, component_a, component_b) VALUES('Victus', 'Aqua', 'Terra');
INSERT INTO recipes(name, component_a, component_b) VALUES('Vinculum', 'Motus', 'Perditio');
INSERT INTO recipes(name, component_a, component_b) VALUES('Vitium', 'Praecantatio', 'Perditio');
INSERT INTO recipes(name, component_a, component_b) VALUES('Vitreus', 'Terra', 'Ordo');
INSERT INTO recipes(name, component_a, component_b) VALUES('Volatus', 'Aer', 'Motus');

INSERT INTO recipes(name, component_a, component_b) VALUES('Tempus', 'Vacuos', 'Ordo');

INSERT INTO recipes(name, component_a, component_b) VALUES('Superbia', 'Volatus', 'Vacuos');
INSERT INTO recipes(name, component_a, component_b) VALUES('Luxuria', 'Corpus', 'Fames');
INSERT INTO recipes(name, component_a, component_b) VALUES('Ira', 'Telum', 'Ignis');
INSERT INTO recipes(name, component_a, component_b) VALUES('Gula', 'Fames', 'Vacuos');
INSERT INTO recipes(name, component_a, component_b) VALUES('Infernus', 'Ignis', 'Praecantatio');
INSERT INTO recipes(name, component_a, component_b) VALUES('Desidia', 'Vinculum', 'Spiritus');
INSERT INTO recipes(name, component_a, component_b) VALUES('Invidia', 'Sensus', 'Fames');



INSERT INTO elements_holding(name, num) VALUES('Aer', 1e999);
INSERT INTO elements_holding(name, num) VALUES('Alienis', 1e999);
INSERT INTO elements_holding(name, num) VALUES('Aqua', 1e999);
INSERT INTO elements_holding(name, num) VALUES('Arbor', 1e999);
INSERT INTO elements_holding(name, num) VALUES('Auram', 1e999);
INSERT INTO elements_holding(name, num) VALUES('Bestia', 1e999);
INSERT INTO elements_holding(name, num) VALUES('Cognitio', 1e999);
INSERT INTO elements_holding(name, num) VALUES('Corpus', 1e999);
INSERT INTO elements_holding(name, num) VALUES('Exanimis', 1e999);
INSERT INTO elements_holding(name, num) VALUES('Fabrico', 1e999);
INSERT INTO elements_holding(name, num) VALUES('Fames', 1e999);
INSERT INTO elements_holding(name, num) VALUES('Gelum', 1e999);
INSERT INTO elements_holding(name, num) VALUES('Herba', 1e999);
INSERT INTO elements_holding(name, num) VALUES('Humanus', 1e999);
INSERT INTO elements_holding(name, num) VALUES('Ignis', 1e999);
INSERT INTO elements_holding(name, num) VALUES('Instrumentum', 1e999);
INSERT INTO elements_holding(name, num) VALUES('Iter', 1e999);
INSERT INTO elements_holding(name, num) VALUES('Limus', 1e999);
INSERT INTO elements_holding(name, num) VALUES('Lucrum', 1e999);
INSERT INTO elements_holding(name, num) VALUES('Lux', 1e999);
INSERT INTO elements_holding(name, num) VALUES('Machina', 1e999);
INSERT INTO elements_holding(name, num) VALUES('Messis', 1e999);
INSERT INTO elements_holding(name, num) VALUES('Metallum', 1e999);
INSERT INTO elements_holding(name, num) VALUES('Meto', 1e999);
INSERT INTO elements_holding(name, num) VALUES('Mortuus', 1e999);
INSERT INTO elements_holding(name, num) VALUES('Motus', 1e999);
INSERT INTO elements_holding(name, num) VALUES('Ordo', 1e999);
INSERT INTO elements_holding(name, num) VALUES('Pannus', 1e999);
INSERT INTO elements_holding(name, num) VALUES('Perditio', 1e999);
INSERT INTO elements_holding(name, num) VALUES('Perfodio', 1e999);
INSERT INTO elements_holding(name, num) VALUES('Permutatio', 1e999);
INSERT INTO elements_holding(name, num) VALUES('Potentia', 1e999);
INSERT INTO elements_holding(name, num) VALUES('Praecantatio', 1e999);
INSERT INTO elements_holding(name, num) VALUES('Sano', 1e999);
INSERT INTO elements_holding(name, num) VALUES('Sensus', 1e999);
INSERT INTO elements_holding(name, num) VALUES('Spiritus', 1e999);
INSERT INTO elements_holding(name, num) VALUES('Telum', 1e999);
INSERT INTO elements_holding(name, num) VALUES('Tempestas', 1e999);
INSERT INTO elements_holding(name, num) VALUES('Tenebrae', 1e999);
INSERT INTO elements_holding(name, num) VALUES('Terra', 1e999);
INSERT INTO elements_holding(name, num) VALUES('Tutamen', 1e999);
INSERT INTO elements_holding(name, num) VALUES('Vacuos', 1e999);
INSERT INTO elements_holding(name, num) VALUES('Venenum', 1e999);
INSERT INTO elements_holding(name, num) VALUES('Victus', 1e999);
INSERT INTO elements_holding(name, num) VALUES('Vinculum', 1e999);
INSERT INTO elements_holding(name, num) VALUES('Vitium', 1e999);
INSERT INTO elements_holding(name, num) VALUES('Vitreus', 1e999);
INSERT INTO elements_holding(name, num) VALUES('Volatus', 1e999);


INSERT INTO elements_holding(name, num) VALUES('Tempus', 1e999);

INSERT INTO elements_holding(name, num) VALUES('Superbia', 1e999);
INSERT INTO elements_holding(name, num) VALUES('Luxuria', 1e999);
INSERT INTO elements_holding(name, num) VALUES('Ira', 1e999);
INSERT INTO elements_holding(name, num) VALUES('Infernus', 1e999);
INSERT INTO elements_holding(name, num) VALUES('Gula', 1e999);
INSERT INTO elements_holding(name, num) VALUES('Desidia', 1e999);
INSERT INTO elements_holding(name, num) VALUES('Invidia', 1e999);

